date,ci,tc_median
2014-01-01,0.0000,
2014-01-06,0.0000,
2014-01-11,0.0000,
2014-01-16,0.0000,
2014-01-21,0.0000,
2014-01-26,0.0000,
2014-01-31,0.0000,
2014-02-05,0.0000,
2014-02-10,0.0000,
2014-02-15,0.0000,
2014-02-20,0.0000,
2014-02-25,0.0000,
2014-03-02,0.0000,
2014-03-07,0.0000,
2014-03-12,0.0000,
2014-03-17,0.0000,
2014-03-22,0.0000,
2014-03-27,0.0000,
2014-04-01,0.0000,
2014-04-06,0.0000,
2014-04-11,0.0000,
2014-04-16,0.0000,
2014-04-21,0.0000,
2014-04-26,0.0000,
2014-05-01,0.0000,
2014-05-06,0.0000,
2014-05-11,0.0000,
2014-05-16,0.0000,
2014-05-21,0.0000,
2014-05-26,0.0000,
2014-05-31,0.0000,
2014-06-05,0.0000,
2014-06-10,0.0000,
2014-06-15,0.0000,
2014-06-20,0.0000,
2014-06-25,0.0000,
2014-06-30,0.0000,
2014-07-05,0.0000,
2014-07-10,0.0000,
2014-07-15,0.0000,
2014-07-20,0.0000,
2014-07-25,0.0000,
2014-07-30,0.0000,
2014-08-04,0.0000,
2014-08-09,0.0000,
2014-08-14,0.0000,
2014-08-19,0.0000,
2014-08-24,0.0000,
2014-08-29,0.0000,
2014-09-03,0.0000,
2014-09-08,0.0000,
2014-09-13,0.0000,
2014-09-18,0.0000,
2014-09-23,0.0000,
2014-09-28,0.0000,
2014-10-03,0.0000,
2014-10-08,0.0000,
2014-10-13,0.0000,
2014-10-18,0.0000,
2014-10-23,0.0000,
2014-10-28,0.0000,
2014-11-02,0.0000,
2014-11-07,0.0000,
2014-11-12,0.0000,
2014-11-17,0.0000,
2014-11-22,0.0000,
2014-11-27,0.0000,
2014-12-02,0.0000,
2014-12-07,0.0000,
2014-12-12,0.0000,
2014-12-17,0.0000,
2014-12-22,0.0000,
2014-12-27,0.0000,
2015-01-01,0.0000,
2015-01-06,0.0000,
2015-01-11,0.0000,
2015-01-16,0.0000,
2015-01-21,0.0000,
2015-01-26,0.0000,
2015-01-31,0.0000,
2015-02-05,0.0000,
2015-02-10,0.0000,
2015-02-15,0.0000,
2015-02-20,0.0000,
2015-02-25,0.0000,
2015-03-02,0.0000,
2015-03-07,0.0000,
2015-03-12,0.0000,
2015-03-17,0.0000,
2015-03-22,0.0000,
2015-03-27,0.0000,
2015-04-01,0.0000,
2015-04-06,0.0000,
2015-04-11,0.0000,
2015-04-16,0.0000,
2015-04-21,0.0000,
2015-04-26,0.0000,
2015-05-01,0.0000,
2015-05-06,0.0000,
2015-05-11,0.0000,
2015-05-16,0.0000,
2015-05-21,0.0000,
2015-05-26,0.0000,
2015-05-31,0.0000,
2015-06-05,0.0000,
2015-06-10,0.0000,
2015-06-15,0.0000,
2015-06-20,0.0000,
2015-06-25,0.0000,
2015-06-30,0.0000,
2015-07-05,0.0000,
2015-07-10,0.0000,
2015-07-15,0.0000,
2015-07-20,0.0000,
2015-07-25,0.0000,
2015-07-30,0.0000,
2015-08-04,0.0000,
2015-08-09,0.0000,
2015-08-14,0.0000,
2015-08-19,0.0000,
2015-08-24,0.0000,
2015-08-29,0.0000,
2015-09-03,0.0000,
2015-09-08,0.0000,
2015-09-13,0.0000,
2015-09-18,0.0000,
2015-09-23,0.0000,
2015-09-28,0.0000,
2015-10-03,0.0000,
2015-10-08,0.0000,
2015-10-13,0.0000,
2015-10-18,0.0000,
2015-10-23,0.0000,
2015-10-28,0.0000,
2015-11-02,0.0000,
2015-11-07,0.0000,
2015-11-12,0.0000,
2015-11-17,0.0000,
2015-11-22,0.0000,
2015-11-27,0.0000,
2015-12-02,0.0000,
2015-12-07,0.0000,
2015-12-12,0.0000,
2015-12-17,0.0000,
2015-12-22,0.0000,
2015-12-27,0.0000,
2016-01-01,0.0000,
2016-01-06,0.0000,
2016-01-11,0.0000,
2016-01-16,0.0000,
2016-01-21,0.0000,
2016-01-26,0.0000,
2016-01-31,0.0000,
2016-02-05,0.0000,
2016-02-10,0.0000,
2016-02-15,0.0000,
2016-02-20,0.0000,
2016-02-25,0.0000,
2016-03-01,0.0000,
2016-03-06,0.0000,
2016-03-11,0.0000,
2016-03-16,0.0000,
2016-03-21,0.0000,
2016-03-26,0.0000,
2016-03-31,0.0000,
2016-04-05,0.0000,
2016-04-10,0.0000,
2016-04-15,0.0000,
2016-04-20,0.0000,
2016-04-25,0.0000,
2016-04-30,0.0345,2016.3476
2016-05-05,0.0000,
2016-05-10,0.0000,
2016-05-15,0.0000,
2016-05-20,0.0000,
2016-05-25,0.0000,
2016-05-30,0.0000,
2016-06-04,0.0000,
2016-06-09,0.0000,
2016-06-14,0.0000,
2016-06-19,0.0000,
2016-06-24,0.0000,
2016-06-29,0.0000,
2016-07-04,0.0345,2016.5287
2016-07-09,0.0000,
2016-07-14,0.0000,
2016-07-19,0.0000,
2016-07-24,0.0000,
2016-07-29,0.0000,
2016-08-03,0.0000,
2016-08-08,0.0000,
2016-08-13,0.0000,
2016-08-18,0.0000,
2016-08-23,0.0000,
2016-08-28,0.0000,
2016-09-02,0.0000,
2016-09-07,0.0000,
2016-09-12,0.0000,
2016-09-17,0.0000,
2016-09-22,0.0000,
2016-09-27,0.0000,
2016-10-02,0.0000,
2016-10-07,0.0000,
2016-10-12,0.0000,
2016-10-17,0.0345,2016.8119
2016-10-22,0.0000,
2016-10-27,0.0345,2016.8239
2016-11-01,0.0000,
2016-11-06,0.0345,2016.8517
2016-11-11,0.0000,
2016-11-16,0.0000,
2016-11-21,0.0000,
2016-11-26,0.0000,
2016-12-01,0.0000,
2016-12-06,0.0000,
2016-12-11,0.0000,
2016-12-16,0.0000,
2016-12-21,0.0000,
2016-12-26,0.0000,
2016-12-31,0.0000,
2017-01-05,0.0000,
2017-01-10,0.0000,
2017-01-15,0.0000,
2017-01-20,0.0000,
2017-01-25,0.0000,
2017-01-30,0.0000,
2017-02-04,0.0000,
2017-02-09,0.0000,
2017-02-14,0.0000,
2017-02-19,0.0000,
2017-02-24,0.0000,
2017-03-01,0.0345,2017.1640
2017-03-06,0.0000,
2017-03-11,0.0000,
2017-03-16,0.0000,
2017-03-21,0.0000,
2017-03-26,0.0000,
2017-03-31,0.0000,
2017-04-05,0.0000,
2017-04-10,0.0000,
2017-04-15,0.0000,
2017-04-20,0.0000,
2017-04-25,0.0000,
2017-04-30,0.0000,
2017-05-05,0.0000,
2017-05-10,0.0000,
2017-05-15,0.0000,
2017-05-20,0.0345,2017.4019
2017-05-25,0.0345,2017.4130
2017-05-30,0.0000,
2017-06-04,0.0000,
2017-06-09,0.0345,2017.4604
2017-06-14,0.0000,
2017-06-19,0.0000,
2017-06-24,0.0000,
2017-06-29,0.0000,
2017-07-04,0.0000,
2017-07-09,0.0000,
2017-07-14,0.0000,
2017-07-19,0.0000,
2017-07-24,0.0000,
2017-07-29,0.0000,
2017-08-03,0.0000,
2017-08-08,0.0000,
2017-08-13,0.0000,
2017-08-18,0.0000,
2017-08-23,0.0000,
2017-08-28,0.0000,
2017-09-02,0.0000,
2017-09-07,0.0000,
2017-09-12,0.0000,
2017-09-17,0.0000,
2017-09-22,0.0000,
2017-09-27,0.0000,
2017-10-02,0.0000,
2017-10-07,0.0000,
2017-10-12,0.0000,
2017-10-17,0.0000,
2017-10-22,0.0000,
2017-10-27,0.0000,
2017-11-01,0.0000,
2017-11-06,0.0000,
2017-11-11,0.0000,
2017-11-16,0.0000,
2017-11-21,0.0000,
2017-11-26,0.0000,
2017-12-01,0.0000,
2017-12-06,0.0000,
2017-12-11,0.0000,
2017-12-16,0.0000,
2017-12-21,0.0000,
2017-12-26,0.0000,
2017-12-31,0.0000,
2018-01-05,0.0000,
2018-01-10,0.0000,
2018-01-15,0.0000,
2018-01-20,0.0000,
2018-01-25,0.0000,
2018-01-30,0.0000,
2018-02-04,0.0000,
2018-02-09,0.0000,
2018-02-14,0.0000,
2018-02-19,0.0000,
2018-02-24,0.0000,
2018-03-01,0.0000,
2018-03-06,0.0000,
2018-03-11,0.0000,
2018-03-16,0.0000,
2018-03-21,0.0000,
2018-03-26,0.0000,
2018-03-31,0.0000,
2018-04-05,0.0000,
2018-04-10,0.0000,
2018-04-15,0.0000,
2018-04-20,0.0000,
2018-04-25,0.0000,
2018-04-30,0.0000,
2018-05-05,0.0000,
2018-05-10,0.0000,
2018-05-15,0.0000,
2018-05-20,0.0000,
2018-05-25,0.0000,
2018-05-30,0.0000,
2018-06-04,0.0000,
2018-06-09,0.0000,
2018-06-14,0.0000,
2018-06-19,0.0000,
2018-06-24,0.0000,
2018-06-29,0.0000,
2018-07-04,0.0000,
2018-07-09,0.0000,
2018-07-14,0.0000,
2018-07-19,0.0000,
2018-07-24,0.0000,
2018-07-29,0.0000,
2018-08-03,0.0000,
2018-08-08,0.0000,
2018-08-13,0.0000,
2018-08-18,0.0000,
2018-08-23,0.0000,
2018-08-28,0.0000,
2018-09-02,0.0000,
2018-09-07,0.0000,
2018-09-12,0.0000,
2018-09-17,0.0000,
2018-09-22,0.0000,
2018-09-27,0.0000,
2018-10-02,0.0000,
2018-10-07,0.0000,
2018-10-12,0.0000,
2018-10-17,0.0000,
2018-10-22,0.0000,
2018-10-27,0.0000,
2018-11-01,0.0000,
2018-11-06,0.0000,
2018-11-11,0.0000,
2018-11-16,0.0000,
2018-11-21,0.0000,
2018-11-26,0.0000,
2018-12-01,0.0000,
2018-12-06,0.0000,
2018-12-11,0.0000,
2018-12-16,0.0000,
2018-12-21,0.0000,
2018-12-26,0.0000,
2018-12-31,0.0000,
2019-01-05,0.0000,
2019-01-10,0.0000,
2019-01-15,0.0000,
2019-01-20,0.0000,
2019-01-25,0.0000,
2019-01-30,0.0000,
2019-02-04,0.0000,
2019-02-09,0.0000,
2019-02-14,0.0000,
2019-02-19,0.0000,
2019-02-24,0.0000,
2019-03-01,0.0000,
2019-03-06,0.0000,
2019-03-11,0.0000,
2019-03-16,0.0000,
2019-03-21,0.0000,
2019-03-26,0.0000,
2019-03-31,0.0000,
2019-04-05,0.0000,
2019-04-10,0.0000,
2019-04-15,0.0345,2019.3120
2019-04-20,0.0345,2019.3179
2019-04-25,0.0000,
2019-04-30,0.0000,
2019-05-05,0.0000,
2019-05-10,0.0345,2019.3840
2019-05-15,0.0345,2019.3807
2019-05-20,0.0690,2019.3980
2019-05-25,0.0000,
2019-05-30,0.0345,2019.4259
2019-06-04,0.0000,
2019-06-09,0.0000,
2019-06-14,0.0000,
2019-06-19,0.0000,
2019-06-24,0.0690,2019.4913
2019-06-29,0.1724,2019.4958
2019-07-04,0.0690,2019.5189
2019-07-09,0.0000,
2019-07-14,0.0000,
2019-07-19,0.0000,
2019-07-24,0.0000,
2019-07-29,0.0000,
2019-08-03,0.0000,
2019-08-08,0.0000,
2019-08-13,0.0000,
2019-08-18,0.0000,
2019-08-23,0.0000,
2019-08-28,0.0000,
2019-09-02,0.0000,
2019-09-07,0.0000,
2019-09-12,0.0000,
2019-09-17,0.0000,
2019-09-22,0.0000,
2019-09-27,0.0000,
2019-10-02,0.0000,
2019-10-07,0.0000,
2019-10-12,0.0000,
2019-10-17,0.0000,
2019-10-22,0.0000,
2019-10-27,0.0000,
2019-11-01,0.0000,
2019-11-06,0.0000,
2019-11-11,0.0000,
2019-11-16,0.0000,
2019-11-21,0.0000,
2019-11-26,0.0000,
2019-12-01,0.0000,
2019-12-06,0.0000,
2019-12-11,0.0000,
2019-12-16,0.0000,
2019-12-21,0.0000,
2019-12-26,0.0000,
2019-12-31,0.0000,
2020-01-05,0.0000,
2020-01-10,0.0000,
2020-01-15,0.0000,
2020-01-20,0.0000,
2020-01-25,0.0000,
2020-01-30,0.0000,
2020-02-04,0.0000,
2020-02-09,0.0000,
2020-02-14,0.0000,
2020-02-19,0.0000,
2020-02-24,0.0000,
2020-02-29,0.0000,
2020-03-05,0.0000,
2020-03-10,0.0000,
2020-03-15,0.0000,
2020-03-20,0.0000,
2020-03-25,0.0000,
2020-03-30,0.0000,
2020-04-04,0.0000,
2020-04-09,0.0000,
2020-04-14,0.0000,
2020-04-19,0.0000,
2020-04-24,0.0000,
2020-04-29,0.0000,
2020-05-04,0.0000,
2020-05-09,0.0000,
2020-05-14,0.0000,
2020-05-19,0.0000,
2020-05-24,0.0000,
2020-05-29,0.0000,
2020-06-03,0.0000,
2020-06-08,0.0000,
2020-06-13,0.0000,
2020-06-18,0.0000,
2020-06-23,0.0000,
2020-06-28,0.0000,
2020-07-03,0.0000,
2020-07-08,0.0000,
2020-07-13,0.0000,
2020-07-18,0.0000,
2020-07-23,0.0000,
2020-07-28,0.0000,
2020-08-02,0.0000,
2020-08-07,0.0000,
2020-08-12,0.0000,
2020-08-17,0.0000,
2020-08-22,0.0000,
2020-08-27,0.0000,
2020-09-01,0.0000,
2020-09-06,0.0000,
2020-09-11,0.0000,
2020-09-16,0.0000,
2020-09-21,0.0000,
2020-09-26,0.0000,
2020-10-01,0.0000,
2020-10-06,0.0000,
2020-10-11,0.0000,
2020-10-16,0.0000,
2020-10-21,0.0000,
2020-10-26,0.0000,
2020-10-31,0.0000,
2020-11-05,0.0000,
2020-11-10,0.0345,2020.8711
2020-11-15,0.0000,
2020-11-20,0.0690,2020.8990
2020-11-25,0.0000,
2020-11-30,0.0000,
2020-12-05,0.0000,
2020-12-10,0.0345,2020.9831
2020-12-15,0.0345,2021.0458
2020-12-20,0.0345,2021.0118
2020-12-25,0.1724,2021.0091
2020-12-30,0.1379,2021.0081
2021-01-04,0.0690,2021.0223
2021-01-09,0.0000,
2021-01-14,0.0000,
2021-01-19,0.0000,
2021-01-24,0.0000,
2021-01-29,0.0000,
2021-02-03,0.0000,
2021-02-08,0.0000,
2021-02-13,0.0000,
2021-02-18,0.0000,
2021-02-23,0.0000,
2021-02-28,0.0000,
2021-03-05,0.0000,
2021-03-10,0.0000,
2021-03-15,0.0000,
2021-03-20,0.0000,
2021-03-25,0.0000,
2021-03-30,0.0000,
2021-04-04,0.0000,
2021-04-09,0.0000,
2021-04-14,0.0000,
2021-04-19,0.0000,
2021-04-24,0.0000,
2021-04-29,0.0000,
2021-05-04,0.0000,
2021-05-09,0.0000,
2021-05-14,0.0000,
2021-05-19,0.0000,
2021-05-24,0.0000,
2021-05-29,0.0000,
2021-06-03,0.0000,
2021-06-08,0.0000,
2021-06-13,0.0000,
2021-06-18,0.0000,
2021-06-23,0.0000,
2021-06-28,0.0000,
2021-07-03,0.0000,
2021-07-08,0.0000,
2021-07-13,0.0000,
2021-07-18,0.0000,
2021-07-23,0.0000,
2021-07-28,0.0000,
2021-08-02,0.0000,
2021-08-07,0.0000,
2021-08-12,0.0000,
2021-08-17,0.0000,
2021-08-22,0.0000,
2021-08-27,0.0000,
2021-09-01,0.0000,
2021-09-06,0.0000,
2021-09-11,0.0000,
2021-09-16,0.0000,
2021-09-21,0.0000,
2021-09-26,0.0000,
2021-10-01,0.0000,
2021-10-06,0.0000,
2021-10-11,0.0000,
2021-10-16,0.0000,
2021-10-21,0.0000,
2021-10-26,0.0000,
2021-10-31,0.0000,
2021-11-05,0.0000,
2021-11-10,0.0000,
2021-11-15,0.0000,
2021-11-20,0.0000,
2021-11-25,0.0000,
2021-11-30,0.0000,
2021-12-05,0.0000,
2021-12-10,0.0000,
2021-12-15,0.0000,
2021-12-20,0.0000,
2021-12-25,0.0000,
2021-12-30,0.0000,
2022-01-04,0.0000,
2022-01-09,0.0000,
2022-01-14,0.0000,
2022-01-19,0.0000,
2022-01-24,0.0000,
2022-01-29,0.0000,
2022-02-03,0.0000,
2022-02-08,0.0000,
2022-02-13,0.0000,
2022-02-18,0.0000,
2022-02-23,0.0000,
2022-02-28,0.0000,
2022-03-05,0.0000,
2022-03-10,0.0000,
2022-03-15,0.0000,
2022-03-20,0.0000,
2022-03-25,0.0000,
2022-03-30,0.0000,
2022-04-04,0.0000,
2022-04-09,0.0000,
2022-04-14,0.0000,
2022-04-19,0.0000,
2022-04-24,0.0000,
2022-04-29,0.0000,
2022-05-04,0.0000,
2022-05-09,0.0000,
2022-05-14,0.0000,
2022-05-19,0.0000,
2022-05-24,0.0000,
2022-05-29,0.0000,
2022-06-03,0.0000,
2022-06-08,0.0000,
2022-06-13,0.0000,
2022-06-18,0.0000,
2022-06-23,0.0000,
2022-06-28,0.0000,
2022-07-03,0.0000,
2022-07-08,0.0000,
2022-07-13,0.0000,
2022-07-18,0.0000,
2022-07-23,0.0000,
2022-07-28,0.0000,
2022-08-02,0.0000,
2022-08-07,0.0000,
2022-08-12,0.0000,
2022-08-17,0.0000,
2022-08-22,0.0000,
2022-08-27,0.0000,
2022-09-01,0.0000,
2022-09-06,0.0000,
2022-09-11,0.0000,
2022-09-16,0.0000,
2022-09-21,0.0000,
2022-09-26,0.0000,
2022-10-01,0.0000,
2022-10-06,0.0000,
2022-10-11,0.0000,
2022-10-16,0.0000,
2022-10-21,0.0000,
2022-10-26,0.0000,
2022-10-31,0.0000,
2022-11-05,0.0000,
2022-11-10,0.0000,
2022-11-15,0.0000,
2022-11-20,0.0000,
2022-11-25,0.0000,
2022-11-30,0.0000,
2022-12-05,0.0000,
2022-12-10,0.0000,
2022-12-15,0.0000,
2022-12-20,0.0000,
2022-12-25,0.0000,
2022-12-30,0.0000,
2023-01-04,0.0000,
2023-01-09,0.0000,
2023-01-14,0.0000,
2023-01-19,0.0000,
2023-01-24,0.0000,
2023-01-29,0.0000,
2023-02-03,0.0000,
2023-02-08,0.0000,
2023-02-13,0.0000,
2023-02-18,0.0000,
2023-02-23,0.0000,
2023-02-28,0.0000,
2023-03-05,0.0000,
2023-03-10,0.0000,
2023-03-15,0.0000,
2023-03-20,0.0000,
2023-03-25,0.0000,
2023-03-30,0.0000,
2023-04-04,0.0000,
2023-04-09,0.0000,
2023-04-14,0.0000,
2023-04-19,0.0000,
2023-04-24,0.0000,
2023-04-29,0.0000,
2023-05-04,0.0000,
2023-05-09,0.0000,
2023-05-14,0.0000,
2023-05-19,0.0000,
2023-05-24,0.0000,
2023-05-29,0.0000,
2023-06-03,0.0000,
2023-06-08,0.0000,
2023-06-13,0.0000,
2023-06-18,0.0000,
2023-06-23,0.0000,
2023-06-28,0.0000,
2023-07-03,0.0000,
2023-07-08,0.0000,
2023-07-13,0.0000,
2023-07-18,0.0000,
2023-07-23,0.0000,
2023-07-28,0.0000,
2023-08-02,0.0000,
2023-08-07,0.0000,
2023-08-12,0.0000,
2023-08-17,0.0000,
2023-08-22,0.0000,
2023-08-27,0.0000,
2023-09-01,0.0000,
2023-09-06,0.0000,
2023-09-11,0.0000,
2023-09-16,0.0000,
2023-09-21,0.0000,
2023-09-26,0.0000,
2023-10-01,0.0000,
2023-10-06,0.0000,
2023-10-11,0.0000,
2023-10-16,0.0000,
2023-10-21,0.0000,
2023-10-26,0.0000,
2023-10-31,0.0000,
2023-11-05,0.0000,
2023-11-10,0.0000,
2023-11-15,0.0000,
2023-11-20,0.0000,
2023-11-25,0.0000,
2023-11-30,0.0000,
2023-12-05,0.0000,
2023-12-10,0.0690,2023.9590
2023-12-15,0.0345,2023.9772
2023-12-20,0.0000,
2023-12-25,0.0345,2024.0367
2023-12-30,0.0000,
2024-01-04,0.0000,
2024-01-09,0.0000,
2024-01-14,0.0000,
2024-01-19,0.0000,
2024-01-24,0.0000,
2024-01-29,0.0000,
2024-02-03,0.0000,
2024-02-08,0.0000,
2024-02-13,0.0000,
2024-02-18,0.0000,
2024-02-23,0.0000,
2024-02-28,0.0000,
2024-03-04,0.0345,2024.2692
2024-03-09,0.0345,2024.2665
2024-03-14,0.0690,2024.2670
2024-03-19,0.0690,2024.2490
2024-03-24,0.1379,2024.2884
2024-03-29,0.1034,2024.2717
2024-04-03,0.0345,2024.2990
2024-04-08,0.0000,
2024-04-13,0.0000,
2024-04-18,0.0000,
2024-04-23,0.0000,
2024-04-28,0.0000,
2024-05-03,0.0000,
2024-05-08,0.0000,
2024-05-13,0.0000,
2024-05-18,0.0000,
2024-05-23,0.0000,
2024-05-28,0.0000,
2024-06-02,0.0000,
2024-06-07,0.0000,
2024-06-12,0.0000,
2024-06-17,0.0000,
2024-06-22,0.0000,
2024-06-27,0.0000,
2024-07-02,0.0000,
2024-07-07,0.0000,
2024-07-12,0.0000,
2024-07-17,0.0000,
2024-07-22,0.0000,
2024-07-27,0.0000,
2024-08-01,0.0000,
2024-08-06,0.0000,
2024-08-11,0.0000,
2024-08-16,0.0000,
2024-08-21,0.0000,
2024-08-26,0.0000,
2024-08-31,0.0000,
2024-09-05,0.0000,
2024-09-10,0.0000,
2024-09-15,0.0000,
2024-09-20,0.0000,
2024-09-25,0.0000,
2024-09-30,0.0000,
2024-10-05,0.0000,
2024-10-10,0.0000,
2024-10-15,0.0000,
2024-10-20,0.0000,
2024-10-25,0.0000,
2024-10-30,0.0000,
2024-11-04,0.0000,
2024-11-09,0.0345,2024.8862
2024-11-14,0.0000,
2024-11-19,0.0000,
2024-11-24,0.0000,
2024-11-29,0.0000,
2024-12-04,0.0345,2024.9418
2024-12-09,0.0000,
2024-12-14,0.0000,
2024-12-19,0.0000,
2024-12-24,0.0000,
2024-12-29,0.0000,
2025-01-03,0.0000,
2025-01-08,0.0000,
2025-01-13,0.0000,
2025-01-18,0.0000,
2025-01-23,0.0000,
2025-01-28,0.0000,
2025-02-02,0.0000,
2025-02-07,0.0000,
2025-02-12,0.0000,
2025-02-17,0.0000,
2025-02-22,0.0000,
2025-02-27,0.0000,
2025-03-04,0.0000,
2025-03-09,0.0000,
2025-03-14,0.0000,
2025-03-19,0.0000,
2025-03-24,0.0000,
2025-03-29,0.0000,
2025-04-03,0.0000,
2025-04-08,0.0000,
2025-04-13,0.0000,
2025-04-18,0.0000,
2025-04-23,0.0000,
2025-04-28,0.0000,
2025-05-03,0.0000,
2025-05-08,0.0000,
2025-05-13,0.0000,
2025-05-18,0.0000,
2025-05-23,0.0000,
2025-05-28,0.0000,
2025-06-02,0.0000,
2025-06-07,0.0000,
2025-06-12,0.0000,
2025-06-17,0.0000,
2025-06-22,0.0000,
2025-06-27,0.0000,
2025-07-02,0.0000,
2025-07-07,0.0000,
2025-07-12,0.0000,
2025-07-17,0.0000,
2025-07-22,0.0345,2025.6170
2025-07-27,0.0345,2025.6257
2025-08-01,0.0345,2025.6186
2025-08-06,0.0000,
2025-08-11,0.0000,
2025-08-16,0.0000,
2025-08-21,0.0000,
2025-08-26,0.0000,
2025-08-31,0.0000,
2025-09-05,0.0000,
2025-09-10,0.0000,
2025-09-15,0.0000,
2025-09-20,0.0000,
2025-09-25,0.0000,
2025-09-30,0.0000,
2025-10-05,0.0000,
2025-10-10,0.0000,
2025-10-15,0.0000,
2025-10-20,0.0000,
2025-10-25,0.0000,
2025-10-30,0.0000,
2025-11-04,0.0000,
2025-11-09,0.0000,
2025-11-14,0.0000,
2025-11-19,0.0000,
2025-11-24,0.0000,
2025-11-29,0.0000,
2025-12-04,0.0000,
2025-12-09,0.0000,
2025-12-14,0.0000,
2025-12-19,0.0000,
2025-12-24,0.0000,
2025-12-29,0.0000,
2026-01-03,0.0000,
2026-01-08,0.0000,
2026-01-13,0.0000,
2026-01-18,0.0000,
2026-01-23,0.0000,
2026-01-28,0.0000,
2026-02-02,0.0000,
2026-02-07,0.0000,
2026-02-12,0.0000,
2026-02-17,0.0000,
2026-02-22,0.0000,
2026-02-27,0.0000,
2026-03-04,0.0000,
2026-03-09,0.0000,
2026-03-14,0.0000,
2026-03-19,0.0000,
2026-03-24,0.0000,
2026-03-29,0.0000,
2026-04-03,0.0000,
2026-04-08,0.0000,
2026-04-13,0.0000,
2026-04-18,0.0000,
2026-04-23,0.0000,
2026-04-28,0.0000,
2026-05-03,0.0345,2026.3628
2026-05-08,0.0000,
2026-05-13,0.0000,
2026-05-18,0.0345,2026.4195
2026-05-23,0.0000,
2026-05-28,0.0000,
2026-06-02,0.0000,
2026-06-07,0.0000,
2026-06-12,0.0000,
2026-06-17,0.0000,
2026-06-22,0.0000,
2026-06-27,0.0000,
2026-07-02,0.0000,
2026-07-07,0.0000,
2026-07-12,0.0000,
2026-07-17,0.0000,
2026-07-22,0.0000,
2026-07-27,0.0000,
2026-08-01,0.0000,
2026-08-06,0.0000,
2026-08-11,0.0000,
2026-08-16,0.0000,
2026-08-21,0.0000,
2026-08-26,0.0000,
2026-08-31,0.0000,
2026-09-05,0.0345,2026.6763
2026-09-10,0.0000,
2026-09-15,0.0000,
