date,btc_rv_1,eth_rv_1,rcov_1,btc_rv_2,eth_rv_2,rcov_2,btc_rv_5,eth_rv_5,rcov_5,btc_rv_10,eth_rv_10,rcov_10,btc_rv_15,eth_rv_15,rcov_15,btc_rv_30,eth_rv_30,rcov_30,btc_rv_60,eth_rv_60,rcov_60,btc_rv_120,eth_rv_120,rcov_120,btc_rv_300,eth_rv_300,rcov_300,btc_rv_600,eth_rv_600,rcov_600,btc_rv_900,eth_rv_900,rcov_900,btc_rv_1800,eth_rv_1800,rcov_1800,btc_rv_3600,eth_rv_3600,rcov_3600,btc_rk,btc_rk_H,btc_nzero
2026-08-01,0.46824,1.62395,0.497877,0.514176,1.73972,0.591942,0.578365,1.87199,0.711531,0.647675,2.00406,0.828284,0.682235,2.06908,0.886258,0.708987,2.09585,0.943701,0.77595,2.34409,1.09452,0.74485,2.33969,1.0742,0.657146,2.33529,0.976449,0.593238,2.31787,0.879946,0.574325,2.2775,0.840736,0.56352,2.51769,0.835062,0.580439,2.55597,0.874602,0.713309,26,0.633032
2026-08-02,0.74661,2.43268,0.769753,0.829219,2.60558,0.895009,0.962024,2.82006,1.09013,1.10498,3.01976,1.29366,1.21162,3.13508,1.44327,1.39775,3.29799,1.73801,1.5733,3.53086,2.03725,1.66546,3.60942,2.18671,1.56366,3.44627,2.09839,1.49193,3.38714,2.05532,1.44482,3.30287,2.01174,1.34842,3.36772,1.95009,1.17122,3.34372,1.79727,1.22612,19,0.608449
2026-08-03,1.76411,2.99384,1.53073,1.94733,3.29629,1.81173,2.22802,3.74314,2.24028,2.47558,4.07153,2.58252,2.59088,4.23309,2.75593,2.72499,4.32712,2.95424,2.94484,4.47306,3.21007,2.9769,4.34605,3.22221,2.82403,4.07459,3.0469,2.44222,3.4896,2.60062,2.24275,3.07545,2.31218,2.35723,2.84733,2.29292,2.84317,2.98141,2.59619,2.67786,22,0.549132
2026-08-04,1.51397,2.92198,1.39581,1.7206,3.22558,1.67651,2.01119,3.61189,2.07328,2.23835,3.85505,2.36635,2.34287,3.9183,2.49517,2.4778,3.96607,2.66008,2.49403,3.97563,2.73496,2.4784,3.86174,2.73368,2.54317,3.88975,2.83492,2.64783,3.90699,2.93035,2.70758,3.90296,2.97045,2.33217,3.41897,2.5563,1.47891,2.34751,1.63783,2.40586,20,0.553067
2026-08-05,1.3358,2.87923,1.18737,1.48794,3.19639,1.42547,1.7152,3.61168,1.77683,1.89694,3.87664,2.03929,1.99243,3.96673,2.16134,2.1509,4.08858,2.34706,2.21775,4.20669,2.45367,2.27621,4.29514,2.54754,2.22558,4.43587,2.55671,2.04845,4.46281,2.42068,2.01892,4.34923,2.37843,2.14141,4.60661,2.55852,1.69596,4.24088,2.02318,2.06268,22,0.543148
2026-08-06,0.720387,1.86703,0.697221,0.834754,2.10808,0.880158,1.02572,2.46636,1.16558,1.186,2.69576,1.38421,1.27383,2.78881,1.49846,1.37181,2.88562,1.63386,1.40227,2.86958,1.67389,1.42705,2.7724,1.68324,1.42936,2.62805,1.63866,1.36878,2.38084,1.51625,1.33718,2.28278,1.48114,1.29925,2.13574,1.42253,1.17013,1.80905,1.21048,1.3334,22,0.554421
2026-08-07,1.11075,2.48121,1.03963,1.25755,2.74711,1.2638,1.49247,3.10227,1.58675,1.66231,3.36198,1.825,1.76144,3.48961,1.96243,1.8489,3.46229,2.06852,1.89313,3.43903,2.12995,1.78938,3.27221,2.022,1.67767,3.19212,1.93965,1.56858,2.91569,1.77031,1.63565,2.88806,1.80333,1.52983,2.4699,1.55027,1.26378,2.10044,1.3031,1.84457,25,0.53544
2026-08-08,0.104641,0.263812,0.0609877,0.11098,0.281592,0.0701399,0.122983,0.30479,0.0860707,0.136108,0.344263,0.104983,0.143338,0.367871,0.117267,0.154652,0.400654,0.135602,0.168366,0.400565,0.15074,0.181384,0.39877,0.164505,0.191176,0.366452,0.173477,0.180193,0.340616,0.160665,0.164726,0.303017,0.144628,0.16204,0.290602,0.153602,0.135709,0.259172,0.140206,0.14911,23,0.629606
2026-08-09,0.204382,0.713226,0.18721,0.230708,0.779776,0.228454,0.280244,0.863575,0.295575,0.316975,0.928011,0.343529,0.33303,0.967805,0.372543,0.36335,0.987407,0.411986,0.395715,0.991705,0.440416,0.419909,1.03483,0.472018,0.443394,1.07263,0.50999,0.445699,1.08508,0.52499,0.492661,1.17447,0.589776,0.503638,1.16188,0.62288,0.448171,0.9509,0.554689,0.34054,18,0.623252
2026-08-10,0.880259,2.32884,0.857257,1.0011,2.51495,1.03107,1.18565,2.78654,1.29008,1.35266,2.98097,1.50569,1.45086,3.08552,1.63339,1.63573,3.27808,1.86653,1.77956,3.50249,2.06977,1.879,3.64887,2.19977,1.93172,3.47743,2.17002,1.8084,3.3123,2.05842,1.68565,3.07712,1.87539,1.49363,2.85614,1.75315,1.46328,2.61362,1.6631,1.49385,20,0.557697
2026-08-11,0.642096,1.65026,0.599667,0.731547,1.83987,0.733443,0.869575,2.10459,0.932674,1.00119,2.29915,1.11459,1.06234,2.3874,1.20192,1.15906,2.50631,1.34326,1.19096,2.58718,1.41292,1.15643,2.5889,1.39524,1.23457,2.67955,1.48975,1.25939,2.71088,1.51982,1.18663,2.56797,1.41303,1.11471,2.29566,1.26458,1.25488,2.34812,1.39539,1.10821,22,0.591979
2026-08-12,0.95599,2.37559,0.952284,1.06789,2.55942,1.11755,1.2753,3.01342,1.4418,1.44326,3.3094,1.67852,1.50929,3.35656,1.75682,1.55355,3.2223,1.78124,1.60777,3.18817,1.83861,1.64818,3.16764,1.89334,1.42514,2.81673,1.64183,1.28807,2.54689,1.47785,1.23958,2.32971,1.37745,1.02505,2.01764,1.14816,1.15295,2.19148,1.34035,1.57708,25,0.581574
2026-08-13,0.897463,1.60366,0.742902,1.00078,1.77399,0.881703,1.16432,2.04831,1.10992,1.31462,2.28427,1.31406,1.39796,2.39738,1.42519,1.5284,2.47826,1.57122,1.66583,2.52568,1.71231,1.82489,2.61185,1.87234,2.0114,2.66738,2.05237,1.89523,2.38109,1.90829,1.7765,2.21586,1.78159,1.5023,1.87903,1.50844,1.65658,2.14851,1.73874,1.43429,20,0.579606
2026-08-14,0.735622,1.17076,0.557589,0.81949,1.29871,0.672825,0.968385,1.51213,0.867379,1.10041,1.68429,1.03126,1.17713,1.75661,1.11808,1.29012,1.80834,1.22578,1.38479,1.8254,1.30339,1.3458,1.76643,1.27781,1.14855,1.50184,1.07945,1.12618,1.4842,1.08798,1.10703,1.48509,1.09132,1.01303,1.44305,1.0529,0.94397,1.28202,0.969282,1.21061,20,0.574549
2026-08-15,0.0922079,0.193541,0.0449444,0.0980075,0.209263,0.0542144,0.107833,0.233216,0.0698502,0.11983,0.255484,0.0852447,0.130264,0.269207,0.097086,0.150366,0.29321,0.120554,0.171768,0.305379,0.142856,0.189428,0.313796,0.164368,0.200076,0.287334,0.168048,0.182095,0.275686,0.162829,0.178253,0.282323,0.170869,0.174904,0.279992,0.180362,0.146929,0.240311,0.157434,0.133784,21,0.654352
2026-08-16,0.199093,0.459032,0.142849,0.236472,0.506209,0.183682,0.281938,0.592772,0.256769,0.30602,0.665692,0.307426,0.323636,0.72329,0.342034,0.360914,0.789484,0.397678,0.382908,0.797571,0.428292,0.37492,0.773793,0.420686,0.378227,0.711545,0.410768,0.37673,0.633,0.386932,0.378261,0.551244,0.364038,0.350778,0.4915,0.338959,0.303831,0.466565,0.320652,0.330985,20,0.661296
2026-08-17,0.847983,1.49121,0.629405,0.959606,1.6523,0.767849,1.12637,1.92264,0.989692,1.28229,2.14644,1.18793,1.37007,2.23979,1.28954,1.55813,2.39336,1.47803,1.72604,2.49336,1.64712,1.82194,2.54891,1.75541,1.83893,2.63614,1.79734,1.71391,2.59777,1.72934,1.61768,2.61405,1.69664,1.54435,2.77362,1.75121,1.62682,2.65083,1.74779,1.42214,21,0.567778
2026-08-18,0.542995,1.12132,0.420564,0.60158,1.24167,0.512139,0.705775,1.4529,0.669616,0.808545,1.60655,0.806907,0.869033,1.68295,0.886479,0.979797,1.7794,1.0202,1.08419,1.85243,1.15108,1.17355,1.86811,1.2438,1.29403,1.85237,1.34077,1.46121,1.84278,1.46481,1.38484,1.79045,1.42097,1.41078,1.72241,1.42265,1.47205,1.82515,1.51382,0.9004,21,0.576898
2026-08-19,6.05265,24.6605,7.51953,7.11615,27.0918,9.03769,8.24436,30.4266,10.9465,9.33871,34.2226,12.9052,10.1717,36.462,14.2783,11.6415,39.1217,16.0897,12.6484,43.3963,17.9586,12.4235,47.3334,18.554,10.8089,48.0009,17.5748,10.9428,45.2434,17.1427,11.435,49.9394,18.3749,15.1542,65.9197,25.1488,21.8794,95.789,38.7708,10.4259,20,0.489491
2026-08-20,5.71958,11.5609,5.23603,6.29144,12.3485,6.02976,7.19598,13.3947,7.19008,7.86163,13.9208,7.96855,8.20133,13.9533,8.27517,8.65864,14.0111,8.63426,8.68029,14.1191,8.71221,8.5673,14.029,8.6313,9.16635,14.3671,9.03521,9.62216,13.8983,9.03377,9.75894,13.6582,9.03785,10.1769,13.4711,9.08065,10.606,11.3233,8.30278,8.42045,21,0.367222
2026-08-21,12.7109,18.9754,10.5674,14.0296,20.6549,12.2943,15.7296,22.5832,14.4282,17.2693,23.4886,15.8675,17.8393,23.3663,16.2501,17.709,22.5298,15.9427,17.4059,22.85,15.9842,17.8109,22.9957,16.4741,18.0109,21.657,16.3298,16.5317,20.6747,14.9469,15.2052,20.2417,14.0732,14.4384,18.7833,12.9369,15.0827,18.3992,12.6929,18.2951,22,0.28485
2026-08-22,4.07639,12.3359,4.71867,4.27507,13.0343,5.24476,4.96633,14.6472,6.52939,5.46588,15.7944,7.47509,5.75297,16.3244,7.93659,6.65838,19.0884,9.5514,7.35509,22.2114,11.0887,6.96609,22.8037,10.9854,6.82307,19.6045,10.3919,6.04566,17.1714,9.03162,5.94314,16.2532,8.73619,5.16497,14.8842,7.76965,4.37727,15.1749,7.40297,5.99208,22,0.449051
2026-08-23,2.57107,9.88063,3.19163,2.87514,10.8495,3.78335,3.24781,11.3333,4.32428,3.63905,12.2566,4.93111,3.81478,12.8115,5.24146,3.96103,13.9785,5.68892,4.20592,14.7828,6.25103,4.1127,14.0652,6.11066,3.90323,12.1148,5.5487,3.43638,10.6473,4.87757,3.13801,9.33878,4.3689,2.7767,8.53358,4.02282,2.69706,8.21952,4.02258,3.95893,23,0.482431
2026-08-24,5.59994,10.4565,5.50422,6.37424,11.4766,6.53399,7.37047,12.359,7.66486,7.98321,12.7015,8.30356,8.22421,12.7763,8.54208,8.34231,12.5255,8.62938,8.10673,12.1028,8.49292,7.92715,11.8979,8.4628,7.24433,11.0437,7.76838,7.43235,10.545,7.81067,7.55808,10.7873,8.0371,7.45185,10.2409,7.87989,6.01968,7.39582,5.89293,8.47729,24,0.391863
2026-08-25,5.2646,7.12434,4.44972,6.0503,8.06103,5.39395,7.03934,8.98998,6.51346,7.7121,9.51072,7.19934,8.00488,9.62687,7.47259,8.04835,9.32946,7.47458,8.3926,9.26499,7.71251,8.58142,9.05947,7.75774,8.98855,8.94829,7.96103,8.64182,7.62607,7.21786,8.81971,7.75777,7.44563,8.48235,6.98331,6.95885,6.95133,5.42051,5.57572,8.25041,23,0.374815
2026-08-26,2.62286,4.49639,2.30081,2.96567,4.99788,2.77877,3.47629,5.77401,3.50645,3.96128,6.40048,4.1337,4.17742,6.63521,4.42075,4.12251,6.57389,4.47671,3.99403,6.21955,4.3276,3.81588,5.83011,4.1041,3.8041,5.63771,4.10351,3.42435,5.11087,3.69961,3.1656,5.0233,3.54459,2.91352,5.29838,3.49749,2.65484,4.96981,3.15974,4.35324,26,0.428947
2026-08-27,2.79089,5.75967,2.58839,3.10536,6.15884,3.04081,3.51774,6.79672,3.66423,3.89126,7.27653,4.15384,4.09208,7.59612,4.41957,4.35923,7.93813,4.786,4.52318,7.98904,4.97062,4.57101,8.07576,5.06149,4.48349,7.70418,4.99389,4.18774,6.90725,4.67708,4.06232,6.84429,4.61503,4.27395,7.176,4.92525,4.49552,7.50068,5.29066,4.24754,23,0.431273
2026-08-28,3.70743,6.34748,3.29116,4.01584,6.69705,3.76152,4.47964,7.27274,4.44747,4.91976,7.78435,5.03875,5.1419,7.95668,5.32461,5.1533,8.01701,5.42434,5.23409,8.00963,5.5438,5.5211,8.07662,5.91139,5.97001,8.63938,6.53561,5.76231,7.60736,6.05429,6.16011,8.54058,6.71406,6.81948,9.51525,7.57909,7.34202,10.0716,8.13992,5.28696,22,0.41713
2026-08-29,0.48042,0.835253,0.35061,0.515332,0.867337,0.396942,0.583575,0.948508,0.483912,0.663733,1.04019,0.580958,0.725375,1.10471,0.653127,0.816356,1.1724,0.75732,0.863801,1.18024,0.81993,0.877227,1.1371,0.833618,0.862624,1.06128,0.811879,0.787764,0.947988,0.741119,0.737583,0.91001,0.704497,0.614937,0.730633,0.572885,0.512042,0.624298,0.479176,0.756639,22,0.495856
2026-08-30,1.56889,5.00933,1.88121,1.71622,5.36805,2.16658,1.94204,5.8193,2.58447,2.20588,6.31845,3.00584,2.33864,6.58614,3.22305,2.41584,6.64084,3.3324,2.55185,6.77583,3.50897,2.64581,6.81639,3.62898,2.38138,6.79051,3.42403,2.38515,7.5979,3.64367,2.33473,7.87816,3.72068,2.46347,9.42458,4.23337,2.10385,9.03944,3.77352,2.42204,22,0.488472
2026-08-31,2.40253,4.6994,2.32412,2.72117,5.14232,2.78361,3.21853,5.73511,3.44203,3.66042,6.15465,3.96581,3.86476,6.24992,4.17848,4.09342,6.25238,4.40121,4.31216,6.24567,4.60985,4.33221,6.12545,4.62309,3.91288,5.38751,4.12486,3.38923,4.61982,3.51344,3.37823,4.43794,3.40024,3.26205,4.234,3.14135,2.59802,3.27512,2.3289,4.04123,23,0.421933
